TIPO ;ATOS NORMATIVOS;DESCRIÇÂO;LEIS;LINK;
Acordos em Desapropriação;DECRETO-LEI Nº 554, DE 25 DE ABRIL DE 1969. (REVOGADO);Dispõe sobre desapropriação por interesse social, de imóveis rurais, para fins de reforma agrária, e dá outras providências. Art. 3º, I ;DECRETO-LEI Nº 554, ;https://goo.gl/PRJ1WU;
Acordos em Desapropriação;LEI COMPLEMENTAR Nº 76, DE 6 DE JULHO DE 1993.;Dispõe sobre o procedimento contraditório especial, de rito sumário, para o processo de desapropriação de imóvel rural, por interesse social, para fins de reforma agrária. Art. 6º, §§º a 6º e art. 10;LEI COMPLEMENTAR Nº 76,;http://bit.ly/32zaYBW;
Acordos em Desapropriação;LEI Nº 8.629, DE 25 DE FEVEREIRO DE 1993.;Dispõe sobre a regulamentação dos dispositivos constitucionais relativos à reforma agrária, previstos no Capítulo III, Título VII, da Constituição Federal. Art. 5, § 4º;LEI Nº 8.629;http://bit.ly/2YayTbE;
Acordos em Desapropriação;LEI Nº 9469, DE 10 DE JULHO DE 1997.;"Regulamenta o disposto no inciso VI do art. 4º da Lei Complementar nº 73, de 10 de fevereiro de 1993; entre outras providências";LEI Nº 9469;https://goo.gl/KRucsm;
Acordos em Desapropriação;LEI Nº 13.140, DE 26 DE JUNHO DE 2015.;"Dispõe sobre a mediação entre particulares como meio de solução de controvérsias e sobre a autocomposição de conflitos no âmbito da administração pública; altera a Lei n° 9.469, de 10 de julho de 1997, e o Decreto no 70.235, de 6 de março de 1972; e revoga o § 2°, do art. 6°, da Lei n° 9.469, de 10 de julho de 1997. ";LEI Nº 13.140;https://goo.gl/AmdMSo;
Acordos em Desapropriação;DECRETO N° 59.428, DE 27 DE OUTUBRO DE 1966.;Regulamenta os Capítulos I e II do Título II, o Capítulo II do Título III, e os Art. 81,82,83,91,109, 111, 114,115 e 126 da Lei nº 4.504, de 30 de novembro de 1964, o art. 22 do Decreto-lei nº 22.239, de 19 de dezembro de 1932, e os Art. 9,10, 11, 12,22,23 da Lei nº 4.947, de 6 de abril de 1966.;DECRETO N° 59.428;https://goo.gl/ZJAemj;
Acordos em Desapropriação;INSTRUÇÃO NORMATIVA Nº 34, DE 23 DE MAIO DE 2006.;Estabelece critérios e procedimentos para a realização de acordo judicial e extrajudicial nas ações de obtenção de terras, para fins de reforma agrária.;INSTRUÇÃO NORMATIVA Nº 34;https://bit.ly/2T3S711;
Acordos em Desapropriação;INSTRUÇÃO NORMATIVA Nº 62, DE 21 DE JUNHO DE 2010.;Diretrizes para descentralização das decisões, fixa as alçadas decisórias dos órgãos colegiados e dá outras providências.;INSTRUÇÃO NORMATIVA Nº 62;https://bit.ly/2EvUh0g;
Acordos em Desapropriação;RESOLUÇÃO N° 1/INCRA/CD, DE 29 DE MARÇO DE 2012.;Autoriza o Superintendente Regional, assistido pelo Chefe da Procuradoria Regional do INCRA nas Superintendências Regionais, atendendo as hipóteses de superior conveniência e oportunidade administrativas, a celebrar acordos ou transações judiciais nas ações de desapropriação por interesse social para fins de reforma, a fim de fixar o valor da justa indenização devida pela transferência de domínio dos imóveis desapropriados, que prevejam simultaneamente.;RESOLUÇÃO N° 1/INCRA;https://bit.ly/2Ssxc2j;
Acordos em Desapropriação;"PORTARIA PGF Nº 530,
E 13 DE JULHO DE 2007.";Regulamenta a representação judicial das autarquias e fundações públicas federais pelos órgãos de execução da Procuradoria-Geral Federal.;PORTARIA PGF Nº 530;https://bit.ly/2EfapSI;
Acordos em Desapropriação;PORTARIA AGU Nº 1.281, DE 27 DE SETEMBRO DE 2007.;Dispõe sobre o deslinde, em sede administrativa, de controvérsias de natureza jurídica entre órgãos e entidades da Administração Federal, no âmbito da Advocacia-Geral da União.;PORTARIA AGU Nº 1.281;https://bit.ly/2tN4DTD;
Acordos em Desapropriação;PORTARIA N° 109, DE 30 DE JANEIRO DE 2007.;"Condições para celebração de acordo pelos órgãos da PGF.
Art. 3º";PORTARIA N° 109;https://bit.ly/2EgikyS;
Acordos em Desapropriação;PORTARIA NO 309, DE 25 DE AGOSTO DE 2017.;Delega, no âmbito da AGU, as competências previstas no art. 1º da Lei n° 9.469/1997.;PORTARIA NO 309;https://bit.ly/2EbTCzS;
Acordos em Desapropriação;PORTARIA Nº 1.099, DE 28 DE JULHO DE 2008.;Dispõe sobre a conciliação, em sede administrativa e no âmbito da Advocacia-Geral da União, das controvérsias de natureza jurídica entre a Administração Pública Federal e a Administração Pública dos Estados ou do Distrito Federal.;PORTARIA Nº 1.099;https://bit.ly/2GKHauK;
Acordos em Desapropriação;PORTARIA CONJUNTA N° 1, DE 12 DE MARÇO DE 2009.;Delega competência ao Presidente do Incra para autorizar a realização de acordos ou transações em juízo, para terminar litígios. A Portaria Conjunta MDA/AGU n° 01/2009 delega ao Presidente do Incra a celebração de acordos judiciais que, no âmbito da autarquia, observam o trâmite previsto na IN nº 34/2006. Contudo, com a superveniência da Lei nº 13.140/2015, a Procuradoria Federal Especializada junto ao Incra remeteu consulta acerca da validade da referida Portaria à Procuradoria-Geral Federal. A matéria é objeto do NUP 00845001216/2016-26.;PORTARIA CONJUNTA N° 1;https://bit.ly/2tG4hOi;
Acordos em Desapropriação;PORTARIA Nº 915, DE 16 DE SETEMBRO DE 2009.;Subdelega as competências previstas na Lei n° 9.469/97 no âmbito da Procuradoria-Geral Federal.;PORTARIA Nº 915;https://bit.ly/2U8WnsD;
Ambiental;LEI Nº 6.938, DE 31 DE AGOSTO DE 1981.;Dispõe sobre a Política Nacional do Meio Ambiente, seus fins e mecanismos de formulação e aplicação, e dá outras providências.;LEI Nº 6.938;https://goo.gl/E49xya;
Ambiental;LEI N° 9.985, DE 18 DE JULHO DE 2000.;Regulamenta o art. 225, § 1°, incisos I, II, III e VII da Constituição Federal, institui o Sistema Nacional de Unidades de Conservação da Natureza e dá outras providências.;LEI N° 9.985;https://goo.gl/zKsnPW;
Ambiental;LEI Nº 12.651, DE 25 DE MAIO DE 2012.;"Dispõe sobre a proteção da vegetação nativa; altera as Leis n° 6.938, de 31 de agosto de 1981, 9.393, de 19 de dezembro de 1996, e 11.428, de 22 de dezembro de 2006; revoga as Leis nos 4.771, de 15 de setembro de 1965, e 7.754, de 14 de abril de 1989, e a Medida Provisória no 2.166-67, de 24 de agosto de 2001; e dá outras providências.";LEI Nº 12.651;https://goo.gl/Tp2QRo;
Ambiental;DECRETO Nº 4.340, DE 22 DE AGOSTO DE 2002;Regulamenta artigos da Lei n° 9.985, de 18 de julho de 2000, que dispõe sobre o Sistema Nacional de Unidades de Conservação da Natureza - SNUC, e dá outras providências.;DECRETO Nº 4.340;https://bit.ly/2taHObY;
Ambiental;RESOLUÇÃO CONAMA Nº 001, DE 23 DE JANEIRO DE 1986.;Dispõe sobre critérios básicos e diretrizes gerais para a avaliação de impacto ambiental. Correlações: ·Alterada pela Resolução nº 11/86 (alterado o art. 2°) ·Alterada pela Resolução n° 5/87 (acrescentado o inciso XVIII) · Alterada pela Resolução nº 237/97 (revogados os art. 3° e 7°);RESOLUÇÃO CONAMA Nº 001;https://bit.ly/2qyuX23;
Ambiental;RESOLUÇÃO CONAMA Nº 237, DE 19 DE dezembro DE 1997.;"Dispõe sobre a revisão e complementação dos procedimentos e critérios utilizados para o licenciamento ambiental. Correlações:
Altera a Resolução no 1/86 (revoga os art. 3° e 7°)";RESOLUÇÃO CONAMA Nº 237;https://bit.ly/2TIvY4D;
Ambiental;RESOLUÇÃO CONAMA N° 289, DE 25 DE OUTUBRO DE 2001.;Estabelece diretrizes para o Licenciamento Ambiental de Projetos de Assentamentos de Reforma Agrária.;RESOLUÇÃO CONAMA N° 289;https://bit.ly/2ThFH4Q;
Ambiental;RESOLUÇÃO CONAMA N° 303, DE 20 DE MARÇO DE 2002.;Dispõe sobre parâmetros, definições e limites de Áreas de Preservação Permanente.;RESOLUÇÃO CONAMA N° 303;https://bit.ly/2UgFs7a;
Ambiental;RESOLUÇÃO CONAMA N° 458, DE 16 DE JULHO DE 2013.;Estabelece procedimentos para o licenciamento ambiental em assentamento de reforma agrária, e dá outras providências.;RESOLUÇÃO CONAMA N° 458;https://bit.ly/2T214Yr;
Cadastro Ambiental Rural;LEI Nº 6.938, DE 31 DE AGOSTO DE 1981.;Dispõe sobre a Política Nacional do Meio Ambiente, seus fins e mecanismos de formulação e aplicação, e dá outras providências.;LEI Nº 6.938;https://goo.gl/nXXH1N;
Cadastro Ambiental Rural;LEI N° 9.985, DE 18 DE JULHO DE 2000.;Regulamenta o art. 225, § 1°, incisos I, II, III e VII da Constituição Federal, institui o Sistema Nacional de Unidades de Conservação da Natureza e dá outras providências.;LEI N° 9.985;https://goo.gl/bwv1S9;
Cadastro Ambiental Rural;LEI Nº 12.651, DE 25 DE MAIO DE 2012.;"Dispõe sobre a proteção da vegetação nativa; altera as Leis n° 6.938, de 31 de agosto de 1981, 9.393, de 19 de dezembro de 1996, e 11.428, de 22 de dezembro de 2006; revoga as Leis n° 4.771, de 15 de setembro de 1965, e 7.754, de 14 de abril de 1989, e a Medida Provisória n° 2.166-67, de 24 de agosto de 2001; e dá outras providências";LEI N° 12.651;https://bit.ly/1iKaEFk;
Cadastro Ambiental Rural;DECRETO Nº 9.257, DE 29 DE DEZEMBRO DE 2017;Prorroga o prazo de inscrição ao Cadastro Ambiental Rural – CAR até 31 de maio de 2018.;DECRETO Nº 9.257;https://bit.ly/2NwK86l;
Cadastro Ambiental Rural;DECRETO Nº 9.395, DE 30 DE MAIO DE 2018.;Prorroga o prazo de inscrição ao Cadastro Ambiental Rural – CAR até 31 de dezembro de 2018.;DECRETO Nº 9.395;https://bit.ly/2XpkG7t;
Cadastro Ambiental Rural;INSTRUÇÃO NORMATIVA MMA Nº 2, DE 6 DE MAIO DE 2014.;Dispõe sobre os procedimentos para a integração, execução e compatibilização do Sistema de Cadastro Ambiental Rural-SICAR e define os procedimentos gerais do Cadastro Ambiental Rural-CAR.;INSTRUÇÃO NORMATIVA MMA Nº 2;https://bit.ly/2NBGdFL;
ATER;LEI Nº 4.504, DE 30 DE NOVEMBRO DE 1964.;"Dispõe sobre o Estatuto da Terra, e dá outras providências.
Art. 73 a 75";LEI N° 4.504;https://bit.ly/2zy81F1;
ATER;LEI N° 8.029, DE 12 DE ABRIL DE 1990.;Dispõe sobre a extinção e dissolução de entidades da administração Pública Federal, e dá outras providências. Extinção da Empresa Embrater. Art. 1°, III.;LEI N° 8.029;https://bit.ly/2T3EAXh;
ATER;LEI Nº 8.666, DE 21 DE JUNHO DE 1993.;"Regulamenta o art. 37, inciso XXI, da Constituição Federal, institui normas para licitações e contratos da Administração Pública e dá outras providências.
Art. 24, XXX; 57, II";LEI Nº 8.666;https://bit.ly/2NdkWEl;
ATER;LEI Nº 12.897, DE 18 DE DEZEMBRO DE 2013.;Autoriza o Poder Executivo federal a instituir serviço social autônomo denominado Agência Nacional de Assistência Técnica e Extensão Rural - ANATER e dá outras providências.;LEI Nº 12.897;https://bit.ly/2tDnyzW;
ATER;LEI Nº 12.188, DE 11 DE JANEIRO DE 2010.;Institui a Política Nacional de Assistência Técnica e Extensão Rural para a Agricultura Familiar e Reforma Agrária - PNATER e o Programa Nacional de Assistência Técnica e Extensão Rural na Agricultura Familiar e na Reforma Agrária.;LEI Nº 12.188;https://bit.ly/2RLTv3f;
ATER;DECRETO Nº 577, DE 24 DE JUNHO DE 1992.;Institui a Política Nacional de Assistência Técnica e Extensão Rural para a Agricultura Familiar e Reforma Agrária - PNATER e o Programa Nacional de Assistência Técnica e Extensão Rural na Agricultura Familiar e na Reforma Agrária.;DECRETO Nº 577;https://bit.ly/2Ec2WUu;
ATER;DECRETO Nº 7.215, DE 15 DE JUNHO DE 2010.;Regulamenta a Lei n° 12.188, de 11 de janeiro de 2010, para dispor sobre o Programa Nacional de Assistência Técnica e Extensão Rural na Agricultura Familiar e na Reforma Agrária - PRONATER.;DECRETO Nº 7.215;https://bit.ly/2EhA2Ct;
ATER;DECRETO Nº 8.252, DE 26 DE MAIO DE 2014.;Institui o serviço social autônomo denominado Agência Nacional de Assistência Técnica e Extensão Rural -Anater;DECRETO Nº 8.252;https://bit.ly/2U4gDLP;
ATER;PORTARIA MDA Nº 35, DE 16 DE JUNHO DE 2010.;Programa Nacional de Assistência Técnica e Extensão Rural – PRONATER;PORTARIA MDA Nº 35;https://bit.ly/2VnfZZV;
ATER;PORTARIA N° 581, DE 20 DE SETEMBRO DE 2010.;Estabelece procedimentos para a operacionalização do PRONATER no âmbito das Superintendências Regionais do INCRA, no que tange aos possíveis serviços a serem contratados e respectivos itens da composição de custos e o acompanhamento e fiscalização por parte do INCRA.;PORTARIA N° 581;https://bit.ly/2BWnOPg;
ATER;DECRETO Nº 58.382, de 10 de MAIO DE 1966.;Dispõe quanto à coordenação das atividades de extensão rural.;DECRETO Nº 58.382;https://bit.ly/2SXMJMG;
ATER;LEI Nº 6.126, DE 6 DE NOVEMBRO DE 1974.;Autoriza o Poder Executivo a instituir a Empresa Brasileira de Assistência Técnica e Extensão Rural (EMBRATER) e dá outras providências.;LEI Nº 6.126;https://bit.ly/2Xk2b4t;
ATER;LEI Nº 8.171, DE 17 DE JANEIRO DE 1991.;"Dispõe sobre a política agrícola.
Art. 16, 17 e 18";LEI Nº 8.171;https://bit.ly/2tfoGru;
ATER;NORMA DE EXECUÇÃO Nº 39, DE 30 DE MARÇO DE 2004.;Estabelece critérios e procedimentos referentes ao Serviço de Assessoria Técnica, Social e Ambiental à Reforma Agrária - ATES.;NORMA DE EXECUÇÃO Nº 39;https://bit.ly/2EdeqXR;
ATER;NORMA DE EXECUÇÃO Nº 60, DE 7 DE MAIO DE 2007.;Estabelece critérios e procedimentos referentes à Assessoria Técnica, Social e Ambiental à Reforma Agrária - ATES.;NORMA DE EXECUÇÃO Nº 60;https://bit.ly/2tCDGl9;
Aquisição de terras por estrangeiros;LEI Nº 4.504, DE 30 DE NOVEMBRO DE 1964.;"Dispõe sobre o Estatuto da Terra, e dá outras providências.
Art. 43 a 46";LEI Nº 4.504;https://bit.ly/2zy81F1;
Aquisição de terras por estrangeiros;LEI N° 4.947, DE 6 DE ABRIL DE 1966.;Fixa Normas de Direito Agrário, dispõe sobre o Sistema de Organização e Funcionamento do Instituto Brasileiro de Reforma Agrária, e dá outras Providências. Art. 22;LEI N° 4.947;https://bit.ly/2Ez37L0;
Aquisição de terras por estrangeiros;LEI N° 5.709, DE 7 DE OUTUBRO DE 1971.;Regula a Aquisição de Imóvel Rural por Estrangeiro Residente no País ou Pessoa Jurídica Estrangeira Autorizada a Funcionar no Brasil, e dá outras Providências.;LEI N° 5.709;https://bit.ly/2NuKlHo;
Aquisição de terras por estrangeiros;LEI N° 5.868, DE 12 DE DEZEMBRO DE 1972.;Cria o Sistema Nacional de Cadastro Rural, e dá outras providências. Art.1°,2° e 8°;LEI N° 5.868;https://bit.ly/2Eou9n5;
Aquisição de terras por estrangeiros;LEI Nº 6.015, DE 31 DE DEZEMBRO DE 1973.;"Dispõe sobre os registros públicos, e dá outras providências.
Art. 214, § 5°";LEI Nº 6.015;https://bit.ly/2GMeOjJ;
Aquisição de terras por estrangeiros;LEI N° 6.404, DE 15 DE DEZEMBRO DE 1976.;Dispõe sobre as Sociedades por Ações.;LEI N° 6.404;https://bit.ly/2zURryk;
Aquisição de terras por estrangeiros;LEI N° 6.739, DE 5 DE DEZEMBRO DE 1979.;Dispõe sobre a matrícula e o registro de imóveis rurais e dá outras providências.;LEI N° 6.739;https://bit.ly/2tAolBQ;
Aquisição de terras por estrangeiros;LEI Nº 6.815, DE 19 DE AGOSTO DE 1980. (REVOGADA);Define a situação jurídica do estrangeiro no Brasil, cria o Conselho Nacional de Imigração. Revogada pela Lei n° 13.445, de 24 de maio de 2017.;LEI Nº 6.815;https://bit.ly/2FFKC9a;
Aquisição de terras por estrangeiros;LEI Nº 8.629, DE 25 DE FEVEREIRO DE 1993.;"Dispõe sobre a regulamentação dos dispositivos constitucionais relativos à reforma agrária, previstos no Capítulo III, Título VII, da Constituição Federal.
Art. 23";LEI Nº 8.629;https://bit.ly/2zrQ0bg;
Aquisição de terras por estrangeiros;LEI N° 10.406, DE 10 DE JANEIRO DE 2002.;"Institui o Código Civil. Art. 1.039 a 1.092; 1.123 a 1.141, 1.150";LEI N° 10.406;https://bit.ly/1drzx5j;
Aquisição de terras por estrangeiros;DECRETO-LEI Nº 2.627, DE 26 DE SETEMBRO DE 1940.;"Dispõe sobre as sociedades por ações.
Revogado parcialmente pela Lei nº 6.404, de 1976.";DECRETO-LEI Nº 2.627;https://bit.ly/2JuF8fQ;
Aquisição de terras por estrangeiros;DECRETO-LEI Nº 4.657, DE 4 DE SETEMBRO DE 1942.;LICC- Lei de Introdução às normas do Direito Brasileiro. Art. 11, § 1°;DECRETO-LEI Nº 4.657;https://bit.ly/1qnmWti;
Aquisição de terras por estrangeiros;DECRETO-LEI Nº 494, DE 10 DE MARÇO DE 1969. (REVOGADO);"Regulamenta o Ato Complementar nº 45, de 30 de janeiro de 1969, que dispõe sobre a aquisição de propriedade rural por estrangeiro.
Revogado pela Lei nº 5.709, 1971.";DECRETO-LEI Nº 494;https://bit.ly/2VkR75h;
Aquisição de terras por estrangeiros;DECRETO-LEI N° 2.236, DE 23 DE JANEIRO DE 1985.;Altera a tabela de emolumentos e taxas aprovada pelo artigo 131 da lei nº 6.815, de 19 de agosto de 1980. Art. 2º;DECRETO-LEI N° 2.236;https://bit.ly/2GLmu5F;
Aquisição de terras por estrangeiros;DECRETO N° 70.391, DE 12 DE ABRIL DE 1972.;Promulga a Convenção sobre Igualdade de Direitos e Deveres entre Brasileiros e Portugueses.;DECRETO N° 70.391;https://bit.ly/2GKQWgq;
Aquisição de terras por estrangeiros;DECRETO N° 70.436, DE 18 DE ABRIL DE 1972.;Regulamenta a aquisição pelos portugueses, no Brasil, dos direitos e obrigações previstos no Estatuto da Igualdade e das outras providências. Art. 14-V, 15 e 16.;DECRETO N° 70.436;https://bit.ly/2BO3DTx;
Aquisição de terras por estrangeiros;DECRETO N° 74.965, DE 26 DE NOVEMBRO DE 1974.;Regulamenta a Lei nº 5.709, de 7 de outubro de 1971, que dispõe sobre a aquisição de imóvel rural por estrangeiro residente no País ou pessoa jurídica estrangeira autorizada a funcionar no Brasil.;DECRETO N° 74.965;https://bit.ly/2Sp9Quw;
Aquisição de terras por estrangeiros;DECRETO Nº 3.927, DE 19 DE SETEMBRO DE 2001.;Promulga o Tratado de Amizade, Cooperação e Consulta, entre a República Federativa do Brasil e a República Portuguesa, celebrado em Porto Seguro em 22 de abril de 2000.;DECRETO Nº 3.927;https://bit.ly/2y01Ybz;
Aquisição de terras por estrangeiros;DECRETO Nº 8.803, DE 6 DE JULHO DE 2016.;Delega competência ao Ministro de Estado Chefe da Casa Civil da Presidência da República para autorizar o funcionamento no País de sociedade estrangeira, suas alterações estatutárias ou contratuais, sua nacionalização e a cassação de autorização de seu funcionamento.;DECRETO Nº 8.803;https://bit.ly/2tGzLEe;
Aquisição de terras por estrangeiros;INSTRUÇÃO NORMATIVA Nº 70, DE 06 DE DEZEMBRO 2011. (REVOGADA);Dispõe sobre aquisição e arrendamento de imóvel rural por pessoa natural estrangeira residente no País e pessoa jurídica estrangeira autorizada a funcionar no Brasil, e dá outras providências. Revogada pela Instrução Normativa Nº 76, de 23/08/2013.;INSTRUÇÃO NORMATIVA Nº 70;https://bit.ly/2VmVooJ;
Aquisição de terras por estrangeiros;IN. CONJUNTA Nº1 DE 27 DE SETEMBRO DE 2012 MDA/MAPA/ MDIC/MTU/INCRA.;Estabelece procedimento administrativo para processamento de requerimentos de autorização para aquisição ou arrendamento de imóvel rural por pessoa estrangeira submetida ao regime da Lei nº 5.709, de 7 de outubro de 1971.;IN. CONJUNTA Nº1;https://bit.ly/2TiLQOa;
Aquisição de terras por estrangeiros;INSTRUÇÃO NORMATIVA Nº 76, DE 23 AGOSTO DE 2013;Dispõe sobre a aquisição e arrendamento de imóvel rural por pessoa natural estrangeira residente no País e pessoa jurídica estrangeira autorizada a funcionar no Brasil, e dá outras providências.;INSTRUÇÃO NORMATIVA Nº 76;https://bit.ly/2GLct8x;
Aquisição de terras por estrangeiros;INSTRUÇÃO NORMATIVA Nº 88 DE 13 DE DEZEMBRO DE 2017.;Dispõe sobre a aquisição e o arrendamento de imóvel rural por pessoa natural estrangeira residente no País, pessoa jurídica estrangeira autorizada a funcionar no Brasil e pessoa jurídica brasileira equiparada à estrangeira e dá outras providências.;INSTRUÇÃO NORMATIVA Nº 88;https://bit.ly/2BPiFbp;
Aquisição de terras por estrangeiros;PARECER Nº LA- 01/AGU, DE 19 DE AGOSTO DE 2010.;Aquisição de terras por estrangeiros. Revisão do Parecer GQ-181, de 1998, publicado no Diário Oficial em 22.01.99, e GQ-22, de 1994.;PARECER Nº LA- 01/AGU;https://bit.ly/2U5pE7u;
Aquisição de terras por estrangeiros;PORTARIA INTERMINISTERIAL N° 4, DE 25 DE FEVEREIRO DE 2014;Regulamenta a aplicação do Parecer GQ22, de 1994 e do Parecer nº GQ-181, de 1998, às situações jurídicas aperfeiçoadas antes da publicação do Parecer AGU/LA -01/2010.;PORTARIA INTERMINISTERIAL N° 4;https://bit.ly/2H08Ue6;
Bens da união;LEI N° 2.193, DE 9 DE MARÇO DE 1954.;Dispõe sobre a execução dos serviços a cargo da Superintendência das Empresas Incorporadas ao Patrimônio Nacional.;LEI N° 2.193;https://bit.ly/2GJMDBX;
Bens da união;LEI Nº 4.504, DE 30 DE NOVEMBRO DE 1964.;Dispõe sobre o Estatuto da Terra, e dá outras providências. Artigos 9º a 11, 94 e 97;LEI Nº 4.504;https://bit.ly/2zy81F1;
Bens da união;"LEI N° 4.947, DE 6 DE
ABRIL DE 1966.";"Fixa Normas de Direito Agrário, dispõe sobre o Sistema de Organização e
Funcionamento do Instituto Brasileiro de Reforma Agrária, e dá outras
Providências.
Art. 3° ao 5° e 9°.";LEI N° 4.947;https://bit.ly/2Ez37L0;
Bens da união;"LEI Nº 6.015, DE 31 DE
DEZEMBRO DE 1973.";"Dispõe sobre os registros públicos, e dá outras providências.
Art. 176, §§ 6° e 7°.";LEI Nº 6.015;https://bit.ly/2GMeOjJ;
Bens da união;"LEI N° 6.383, DE 7 DE
DEZEMBRO DE 1976.";"Dispõe sobre o Processo Discriminatório de Terras Devolutas da União, e dá
outras Providências.";LEI N° 6.383;https://bit.ly/2XlHtRE;
Bens da união;"LEI N° 6.431, DE 11 DE
JULHO DE 1977.
(REVOGADA)";"Autoriza a doação de porções de terras devolutas a Municípios incluídos na
região da Amazônia Legal, para os fins que especifica, e dá outras providências.
Revogada pela Medida Provisória nº 458, de 2009, que foi Convertida na
Lei nº 11.952, de 2009.";LEI N° 6.431;https://bit.ly/2VlIVSo;
Bens da união;"LEI Nº 9.636, DE 15 DE
MAIO DE 1998.";"Dispõe sobre a regularização, administração, aforamento e alienação de bens
imóveis de domínio da União.";LEI Nº 9.636;https://bit.ly/2Ddri22;
Bens da união;DECRETO-LEI Nº 2.436, DE 22 DE JULHO DE 1940.;Incorpora ao patrimônio da União todo o ativo existente em território nacional da Brasil Railway Company e empresas a ela filiadas e dispõe quanto à apuração e liquidação do seu passivo.;DECRETO-LEI Nº 2.436;https://bit.ly/2U4rWnf;
Bens da união;DECRETO-LEI Nº 2.073, DE 8 DE MARÇO DE 1940.;Incorpora ao patrimônio da União a Estrada de Ferro São Paulo-Rio Grande e as empresas a ela filiadas.;DECRETO-LEI Nº 2.073;https://bit.ly/2tBkB2U;
Bens da união;DECRETO-LEI N° 3.438, DE 17 DE JULHO DE 1941.;Esclarece e amplia o Decreto-Lei nº 2.490, de 16 de agosto de 1940.;DECRETO-LEI N° 3.438;https://bit.ly/2tC2p9v;
Bens da união;DECRETO-LEI Nº 9.760, DE 5 DE SETEMBRO DE 1946.;Dispõe sobre os bens imóveis da União e dá outras providências.;DECRETO-LEI Nº 9.760;https://bit.ly/2giRbNQ;
Bens da união;DECRETO-LEI Nº 1.561, DE 13 DE JULHO DE 1977.;Dispõe sobre a ocupação de terrenos da União e dá outras previdências.;DECRETO-LEI Nº 1.561;https://bit.ly/2VkWEc3;
Bens da união;DECRETO-LEI Nº 2.398, DE 21 DE DEZEMBRO DE 1987.;Dispõe sobre foros, laudêmios e taxas de ocupação relativas a imóveis de propriedade da União, e dá outras providências.;DECRETO-LEI Nº 2.398;https://bit.ly/2NvPFdo;
Bens da união;DECRETO Nº 3.743, DE 5 DE FEVEREIRO DE 2001.;Regulamenta a Lei nº 6.431, de 11 de julho de 1977, que autoriza a doação de porções de terras devolutas a Municípios incluídos na região da Amazônia Legal, para os fins que especifica, e dá outras providências.;DECRETO Nº 3.743;https://bit.ly/2XoXOVM;
Bens da união;"LEI Nº 13.001, DE 20 DE
JUNHO DE 2014.";"Dispõe sobre a liquidação de créditos concedidos aos assentados da reforma
agrária.
Artigos 21 e 22.";LEI Nº 13.001;"https://bit.ly/2ExszjW
";
Faixa de domínio de rodovia;"LEI N° 4.947, DE 6 DE
ABRIL DE 1966.";"Fixa Normas de Direito Agrário, dispõe sobre o Sistema de Organização e
Funcionamento do Instituto Brasileiro de Reforma Agrária, e dá outras
Providências.
Art 5º";LEI N° 4.947;https://bit.ly/2Ny9IrW;
Faixa de domínio de rodovia;DECRETO-LEI Nº 1.106, DE 16 DE JUNHO DE 1970.;"Cria o Programa de Integração Nacional, altera a legislação do imposto de renda das pessoas jurídicas na parte referente a incentivos fiscais e dá outras providências.
Art.2°, § 1º";DECRETO-LEI Nº 1.106;https://bit.ly/2veblF4;
Faixa de domínio de rodovia;DECRETO-LEI N° 1.164, DE 1º DE ABRIL DE 1971. (REVOGADO);Declara indispensáveis à segurança e ao desenvolvimento nacionais terras devolutas situadas na faixa de cem quilômetros de largura em cada lado do eixo de rodovias na Amazônia Legal, e dá outras providências. Revogado pelo Decreto-Lei nº 2.375, de 24.11.1987;DECRETO-LEI N° 1.164;https://bit.ly/2U8RCPL;
Faixa de domínio de rodovia;DECRETO-LEI Nº 2.375, DE 24 DE NOVEMBRO DE 1987.;Revoga o Decreto-lei nº 1.164, de 1º de abril de 1971, dispõe sobre terras públicas, e dá outras providências.;DECRETO-LEI Nº 2.375;https://bit.ly/2GKeiTf;
Faixa de domínio de rodovia;DECRETO N° 95.956, DE 22 DE ABRIL DE 1988.;Regulamenta o art. 5° do Decreto-lei n° 2.375, de 24 de novembro de 1987, que autoriza a União a transferir, a título gratuito, a Estados ou Territórios, terras públicas a ela pertencentes.;DECRETO N° 95.956;https://bit.ly/2EzePFi;
Faixa de domínio de rodovia;DECRETO Nº 3.743, DE 5 DE FEVEREIRO DE 2001.;Regulamenta a Lei no 6.431, de 11 de julho de 1977, que autoriza a doação de porções de terras devolutas a Municípios incluídos na região da Amazônia Legal, para os fins que especifica, e dá outras providências.;DECRETO Nº 3.743;https://bit.ly/2XoXOVM;
Faixa de domínio de rodovia;DECRETO Nº 8.376, DE 15 DE DEZEMBRO DE 2014.;Transfere para o Departamento Nacional de Infraestrutura de Transportes - DNIT a administração patrimonial dos imóveis da União que especifica.;DECRETO Nº 8.376;https://bit.ly/2EyL2N1;
Convênio e congêneres;"LEI Nº 4.504, DE 30 DE
NOVEMBRO DE 1964.";"Dispõe sobre o Estatuto da Terra, e dá outras providências.
Art. 6° a 8º, 11, 31 e 46 §2º";LEI Nº 4.504;https://bit.ly/2zy81F1;
Convênio e congêneres;"LEI Nº 8.666, DE 21 DE
JUNHO DE 1993.";"Regulamenta o art. 37, inciso XXI, da Constituição Federal, institui normas
para licitações e contratos da Administração Pública";LEI Nº 8.666;https://bit.ly/2NdkWEl;
Convênio e congêneres;"LEI Nº 13.019, DE 31 DE
JULHO DE 2014.";"Estabelece o regime jurídico das parcerias entre a administração pública e as
organizações da sociedade civil, em regime de mútua cooperação, para a
consecução de finalidades de interesse público e recíproco, mediante a
execução de atividades ou de projetos previamente estabelecidos em planos de
trabalho inseridos em termos de colaboração, em termos de fomento ou em
acordos de cooperação; define diretrizes para a política de fomento, de
colaboração e de cooperação com organizações da sociedade civil; e altera as
Leis nos 8.429, de 2 de junho de 1992, e 9.790, de 23 de março de 1999.";LEI Nº 13.019;https://bit.ly/1oGNPR9;
Convênio e congêneres;DECRETO Nº 1.819, DE 16 DE FEVEREIRO DE 1996.;Disciplina as transferências de recursos da União por intermédio de instituições e agências financeiras oficiais federais e dá outras providências.;DECRETO Nº 1.819;https://bit.ly/2GLfjdH;
Convênio e congêneres;DECRETO Nº 6.170, DE 25 DE JULHO DE 2007.;Dispõe sobre as normas relativas às transferências de recursos da União mediante convênios e contratos de repasse, e dá outras providências.;DECRETO Nº 6.170;https://bit.ly/29mAO3y;
Convênio e congêneres;DECRETO Nº 7.568, DE 16 DE SETEMBRO DE 2011.;Altera o Decreto n° 6.170, de 25 de julho de 2007, que dispõe sobre as normas relativas às transferências de recursos da União mediante convênios e contratos de repasse...;DECRETO Nº 7.568;https://bit.ly/2Swvsp2;
Convênio e congêneres;DECRETO Nº 7.641, DE 12 DE DEZEMBRO DE 2011.;;DECRETO Nº 7.641;https://bit.ly/2tHj9vK;
Convênio e congêneres;DECRETO Nº 8.726, DE 27 DE ABRIL DE 2016.;;DECRETO Nº 8.726;https://bit.ly/2IAMK4x;
Convênio e congêneres;DECRETO Nº 8.915, DE 24 DE NOVEMBRO DE 2016.;;DECRETO Nº 8.915;https://bit.ly/2tD10PT;
Convênio e congêneres;DECRETO Nº 8.943, DE 27 DE DEZEMBRO DE 2016.;;DECRETO Nº 8.943;https://bit.ly/2GOtGhi;
Convênio e congêneres;DECRETO Nº 9.311, DE 15 DE MARÇO DE 2018;;DECRETO Nº 9.311;https://bit.ly/2tDdPtS;
Convênio e congêneres;"PORTARIA INTERMINISTERIAL N° 127MPOG/MF/CGU DE 29 DE MAIO DE 2008.
(REVOGADA)";;PORTARIA INTERMINISTERIAL N° 127MPOG/MF/CGU;https://bit.ly/2SZJ3tU;
Convênio e congêneres;PORTARIA INTERMINISTERIAL N°165/MPOG/MF/CGU DE 20 DE JUNHO DE 2008. (REVOGADA);;PORTARIA INTERMINISTERIAL N°165/MPOG/MF/CGU;https://bit.ly/2Uax35d;
Convênio e congêneres;"PORTARIA INTERMINISTERIAL N°507/MPOG/MF/ CGU DE 24 DE NOVEMBRO DE 2011.
(REVOGADA)";;PORTARIA INTERMINISTERIAL N°507/MPOG/MF/ CGU;https://bit.ly/2xQFOYw;
Convênio e congêneres;PORTARIA INTERMINISTERIAL N° 355, DE 07 DE OUTUBRO DE 2013.;;PORTARIA INTERMINISTERIAL N° 355;https://bit.ly/2XpoFB6;
Convênio e congêneres;INSTRUÇÃO NORMATIVA/SEGES Nº 1, DE 16 DE FEVEREIRO DE 2017.;;INSTRUÇÃO NORMATIVA/SEGES Nº 1;https://bit.ly/2T5IzCv;
Convênio e congêneres;INSTRUÇÃO NORMATIVA INTERMINISTERIAL MP/MF/CGU Nº 5, DE 6 DE NOVEMBRO DE 2018.;;INSTRUÇÃO NORMATIVA INTERMINISTERIAL MP/MF/CGU Nº 5;https://bit.ly/2EctzZd;
Convênio e congêneres;PORTARIA INTERMINISTERIAL Nº 424, DE 30 DE DEZEMBRO DE 2016;;PORTARIA INTERMINISTERIAL Nº 424;https://bit.ly/2kO7xVo;
Créditos;LEI Nº 4.504, DE 30 DE NOVEMBRO DE 1964.;Dispõe sobre o Estatuto da Terra, e dá outras providências. Artigos 81 a 83;LEI Nº 4.504;https://bit.ly/2zy81F1;
Créditos;LEI N° 4.829, DE 5 DE NOVEMBRO DE 1965.;Institucionaliza o crédito rural.;LEI N° 4.829;https://bit.ly/2Vlg6VT;
Créditos;LEI Nº 8.629, DE 25 DE FEVEREIRO DE 1993.;Dispõe sobre a regulamentação dos dispositivos constitucionais relativos à reforma agrária, previstos no Capítulo III, Título VII, da Constituição Federal. Art. 17;LEI Nº 8.629,;https://bit.ly/2U9TZSf;
Créditos;LEI Nº 9.126, DE 10 DE NOVEMBRO DE 1995.;"Dispõe sobre a aplicação da Taxa de Juros de Longo Prazo.
Art. 7°";LEI Nº 9.126;https://bit.ly/2U8MOd5;
Créditos;LEI COMPLEMENTAR Nº 93, DE 4 DE FEVEREIRO DE 1998.;Institui o Fundo de Terras e da Reforma Agrária - Banco da Terra - e dá outras providências.;LEI COMPLEMENTAR Nº 93;https://bit.ly/2tMWs9T;
Créditos;LEI Nº 9.138, DE 29 DE NOVEMBRO DE 1995.;Dispõe sobre o crédito, o rural, e dá outras providências.;LEI Nº 9.138;https://bit.ly/2ExZIfd;
Créditos;LEI Nº 13.001, DE 20 DE JUNHO DE 2014.;Dispõe sobre a liquidação de créditos concedidos aos assentados da reforma agrária, concede remissão nos casos em que especifica e dá outras providências.;LEI Nº 13.001;https://bit.ly/2ExszjW;
Créditos;DECRETO N° 59.428, DE 27 DE OUTUBRO DE 1966.;Regulamenta os Capítulos I e II do Título II, o Capítulo II do Título III, e os arts. 81,82,83,91,109,111,114,115 e 126 da Lei nº 4.504, de 30 de novembro de 1964, o art. 22 do Decreto-lei nº 22.239, de 19 de dezembro de 1932, e os arts. 9,10,11,12,22 e 23 da Lei nº 4.947, de 6 de abril de 1966.;DECRETO N° 59.428;https://bit.ly/2tEIWVJ;
Créditos;DECRETO Nº 8.179, DE 27 DE DEZEMBRO DE 2013.;Regulamenta o art. 8º da Medida Provisória nº 636, de 26 de dezembro de 2013, que dispõe sobre a liquidação de créditos concedidos aos assentados da reforma agrária, concede remissão nos casos em que especifica e dá outras providências;DECRETO Nº 8.179;https://bit.ly/2Sq7VWt;
Créditos;DECRETO Nº 9.424, DE 26 DE JUNHO DE 2018.;Regulamenta o inciso V do caput do art. 17 da Lei nº 8.629, de 25 de fevereiro de 1993, que dispõe sobre a concessão de créditos de instalação de projetos de assentamento aos beneficiários do Programa Nacional de Reforma Agrária.;DECRETO Nº 9.424;https://bit.ly/2TjNdMG;
Créditos;INSTRUÇÃO NORMATIVA N° 58, DE 5 DE MARÇO DE 2010.;Fixa valores e normas gerais para a implementação do Crédito Instalação aos beneficiários dos projetos da Reforma Agrária.;INSTRUÇÃO NORMATIVA N° 58;https://bit.ly/2TiNlfl;
Créditos;INSTRUÇÃO NORMATIVA N° 64, DE 21 DE OUTUBRO DE 2010.;Estabelece os procedimentos para cobrança e recebimento dos créditos Instalação, concedidos aos beneficiários do Programa Nacional de Reforma Agrária.;INSTRUÇÃO NORMATIVA N° 64;https://bit.ly/2BVGgYb;
Créditos;INSTRUÇÃO NORMATIVA N° 68, DE 16 DE AGOSTO DE 2011;Fixa valores e normas gerais para a implementação de Crédito Instalação aos beneficiários dos projetos da Reforma Agrária.;INSTRUÇÃO NORMATIVA N° 68;https://bit.ly/2H1bDnu;
Créditos;INSTRUÇÃO NORMATIVA N° 69, DE 6 DE DEZEMBRO DE 2011.;Estabelece os procedimentos para cobrança e recebimento dos créditos Instalação, concedidos aos beneficiários do Programa Nacional de Reforma Agrária;INSTRUÇÃO NORMATIVA N° 69;https://bit.ly/2StaDL5;
Créditos;INSTRUÇÃO NORMATIVA Nº 74, DE 14 DE NOVEMBRO DE 2012;Fixa modalidades, valores e normas gerais para a implementação do Crédito de Instalação aos beneficiários da reforma agrária;INSTRUÇÃO NORMATIVA Nº 74;https://bit.ly/2Td96NC;
Créditos;NORMA DE EXECUÇÃO N° 84, DE 02 DE SETEMBRO DE 2009.;Estabelece o fluxo operacional para concessão, aplicação, fiscalização e prestação de contas do Crédito Instalação, na modalidade Crédito Ambiental, no âmbito dos Projetos de Assentamento do Programa de Reforma Agrária.;NORMA DE EXECUÇÃO N° 84;https://bit.ly/2H1cvZi;
Créditos;NORMA DE EXECUÇÃO INCRA Nº 79, DE 26 DE DEZEMBRO DE 2008.;Estabelece fluxo operacional para concessão, aplicação e prestação de contas dos créditos do Crédito Instalação, no âmbito dos Projetos de Assentamento integrantes do Programa de Reforma Agrária.;NORMA DE EXECUÇÃO INCRA Nº 79;https://bit.ly/2XpABTh;
Desapropriação para fins de reforma agrária;LEI Nº 4.132, DE 10 DE SETEMBRO DE 1962;Define os casos de desapropriação por interesse social e dispõe sobre sua aplicação.;LEI Nº 4.132;https://bit.ly/2SqEP9G;
Desapropriação para fins de reforma agrária;LEI Nº 4.504, DE 30 DE NOVEMBRO DE 1964.;Dispõe sobre o Estatuto da Terra, e dá outras providências. Artigos 12, 17, 18 e 24;LEI Nº 4.504;https://bit.ly/2zy81F1;
Desapropriação para fins de reforma agrária;LEI N° 4.947, DE 6 DE ABRIL DE 1966.;Fixa Normas de Direito Agrário, dispõe sobre o Sistema de Organização e Funcionamento do Instituto Brasileiro de Reforma Agrária, e dá outras Providências.;LEI N° 4.947;https://bit.ly/2Ez37L0;
Desapropriação para fins de reforma agrária;DECRETO-LEI Nº 3.365, DE 21 DE JUNHO DE 1941.;Dispõe sobre desapropriações por utilidade pública.;DECRETO-LEI Nº 3.365;https://bit.ly/2Sr4peI;
Desapropriação para fins de reforma agrária;LEI Nº 5.672, DE 2 DE JULHO DE 1971.;"Modifica o § 2º do art. 10 da Lei nº 4.947, de 6 de abril de 1966 (Normas de Direito Agrário), e o § 2º do art. 11 do Decreto-lei nº 57, de 18 de novembro de 1966, que dispõe sôbre o lançamento e cobrança do impôsto sôbre a propriedade territorial, e dá outras providências..
Art. 3º";LEI Nº 5.672;https://bit.ly/2TiuPDM;
Desapropriação para fins de reforma agrária;LEI Nº 8.629, DE 25 DE FEVEREIRO DE 1993.;Dispõe sobre a regulamentação dos dispositivos constitucionais relativos à reforma agrária, previstos no Capítulo III, Título VII, da Constituição Federal. Artigos 2º a 17;LEI Nº 8.629;https://bit.ly/2zrQ0bg;
Desapropriação para fins de reforma agrária;"DECRETO-LEI Nº 554, DE 25 DE ABRIL DE 1969.
(REVOGADO)";"Dispõe sobre desapropriação por interesse social, de imóveis rurais, para fins de reforma agrária, e dá outras providências.
Revogado pela Lei complementar nº 76, de 1993.";DECRETO-LEI Nº 554;https://bit.ly/2Ntu45l;
Desapropriação para fins de reforma agrária;DECRETO N° 2.250, DE 11 DE JUNHO DE 1997.;Dispõe sobre a vistoria em imóvel rural destinado a reforma agrária e dá outras providências.;DECRETO N° 2.250;https://bit.ly/2TkRoaX;
Desapropriação para fins de reforma agrária;INSTRUÇÃO NORMATIVA N° 11, DE 04 ABRIL DE 2003.;Estabelece diretrizes para fixação do Módulo Fiscal de cada Município de que trata o Decreto n.º 84.685, de 6 de maio de 1980, bem como os procedimentos para cálculo dos Graus de Utilização da Terra -GUT e de Eficiência na Exploração GEE, observadas as disposições constantes da Lei n.º 8.629, de 25 de fevereiro de 1993.;INSTRUÇÃO NORMATIVA N° 11;https://bit.ly/2NsIKlg;
Desapropriação para fins de reforma agrária;INSTRUÇÃO NORMATIVA N° 36, DE 20 DE NOVEMBRO DE 2006. (REVOGADA);Diretrizes para descentralização das decisões, fixa as alçadas decisórias dos órgãos colegiados e dá outras providências. Revogada pela IN n° 62/2010, que foi revogada pela n° IN 81/2014.;INSTRUÇÃO NORMATIVA N° 36;https://bit.ly/2Swz9uU;
Desapropriação para fins de reforma agrária;INSTRUÇÃO NORMATIVA N° 62, DE 21 DE JUNHO DE 2010.;"Diretrizes para descentralização das decisões, fixa as alçadas decisórias dos órgãos colegiados e dá outras providências.
Alguns artigos revogados pela In 81/2014
Art. 4º; 6º; 7º e 8º.";INSTRUÇÃO NORMATIVA N° 62;https://bit.ly/2TfsQ3b;
Desapropriação para fins de reforma agrária;INTRUÇÃO NORMATIVA N° 81, DE 21 DE NOVEMBRO DE 2014. (REVOGADA);Estabelece diretrizes básicas para as ações de obtenção de imóveis rurais para assentamento de trabalhadores rurais Revogada pela IN n° 83/2015.;INTRUÇÃO NORMATIVA N° 81;https://bit.ly/2T0OubT;
Desapropriação para fins de reforma agrária;INTRUÇÃO NORMATIVA N°83, DE 30 DE JULHO DE 2015.;"Estabelece diretrizes básicas para as ações de obtenção de imóveis rurais para assentamento de trabalhadores rurais.
Revoga a IN n° 81 de 2014.";INTRUÇÃO NORMATIVA N°83;https://bit.ly/2tD3FZT;
Desapropriação para fins de reforma agrária;NORMA DE EXECUÇÃO N° 10, DE 11 DE ABRIL DE 2001. (REVOGADA)NORMA DE EXECUÇÃO N° 10;Estabelece procedimentos técnicos e administrativos nas ações de obtenção de recursos fundiários. Revogada pela Norma de Execução nº 35/2004.;;https://bit.ly/2U9XaJy;
Desapropriação para fins de reforma agrária;"NORMA DE EXECUÇÃO N° 35, DE 25 DE MARÇO DE 2004.
(REVOGADA)";"Estabelece procedimentos técnicos e administrativos nas ações de obtenção de recursos fundiários.
Revogada pela Norma de Execução nº 83 - 26/05/2009.";NORMA DE EXECUÇÃO N° 35;https://bit.ly/2U4aPls;
Desapropriação para fins de reforma agrária;NORMA DE EXECUÇÃO N° 52, DE 25 DE OUTUBRO DE 2006.;Aprova o Manual de Obtenção de Terras e Perícia Judicial.;NORMA DE EXECUÇÃO N° 52;https://bit.ly/2U4bcwm;
Desapropriação para fins de reforma agrária;"NORMA DE EXECUÇÃO N° 83, DE 26 DE MAIO DE 2009.
(REVOGADA)";"Estabelece procedimentos administrativos e técnicos nas ações de obtenção de terras para assentamento de trabalhadores rurais.
Revogada pela Norma de Execução nº 95 - 08/2010.";NORMA DE EXECUÇÃO N° 83;https://bit.ly/2GKYdge;
Desapropriação para fins de reforma agrária;NORMA DE EXECUÇÃO N° 95, DE 7 DE AGOSTO DE 2010. (REVOGADA);Estabelece procedimentos administrativos e técnicos nas ações de obtenção de terras para assentamento de trabalhadores rurais. Revogada pela IN n° 81/2014.;NORMA DE EXECUÇÃO N° 95;https://bit.ly/2tC20Um;
Desapropriação para fins de reforma agrária;"PORTARIA N° 5, DE 31 DE JANEIRO DE 2013.
(REVOGADA)";"Esta portaria dispõe sobre os procedimentos administrativos voltados à obtenção de imóveis rurais para fins de reforma agrária.
Revogada pela Portaria n° 83/2014/MDA.";PORTARIA N° 5;https://bit.ly/2StdZxF;
Desapropriação para fins de reforma agrária;PORTARIA Nº 6, DE 31 DE JANEIRO DE 2013;Esta Portaria estabelece os parâmetros a serem observados pelo Ministério do Desenvolvimento Agrário - MDA e pelo Instituto Nacional de Colonização e Reforma Agrária - Incra no estabelecimento da ordem de prioridade territorial para as ações de obtenção de terras para a reforma Agrária e os critérios, requisitos e procedimentos básicos para a seleção de candidatos a beneficiários da reforma agrária.;PORTARIA Nº 6;https://bit.ly/2SteqrN;
Desapropriação para fins de reforma agrária;"PORTARIA Nº 7, DE 31 DE JANEIRO DE 2013.
(REVOGADA)";"Para efeito de obtenção de imóveis rurais para fins de reforma agrária.
Revogada pela Portaria n° 243/2015.";PORTARIA Nº 7;https://bit.ly/2SteqrN;
Desapropriação para fins de reforma agrária;PORTARIA Nº 243, DE 8 DE JULHO DE 2015.;Esta portaria dispõe sobre os procedimentos administrativos voltados à obtenção de imóveis rurais para fins de reforma agrária.;PORTARIA Nº 243;https://bit.ly/2tD7jD3;
Desapropriação para fins de reforma agrária;"PORTARIA Nº. 83, DE 28 DE NOVEMBRO DE 2014.
(REVOGADA)";"Esta portaria dispõe sobre os procedimentos administrativos voltados à obtenção de imóveis rurais para fins de reforma agrária.
Revogada pela Portaria n° 243/2015.";PORTARIA Nº. 83;https://bit.ly/2H2XYMM;
Desapropriação para fins de reforma agrária;PORTARIA N° 86, DE 10 DE OUTUBRO DE 2013;Excluem-se das disposições da Portaria/MDA nº 05, de 31 de janeiro de 2013 os procedimentos de obtenção de imóveis rurais para fins de reforma agrária;PORTARIA N° 86;https://bit.ly/2NtQ2Fr;
Desapropriação para fins de reforma agrária;PORTARIA N°-22, DE 1°- DE ABRIL DE 2014/MDA/;Art. 1º Excluem-se das disposições da Portaria MDA nº 5, de 31 de janeiro de 2013, os procedimentos de obtenção de imóveis rurais para fins de reforma agrária com Laudo Agronômico de Fiscalização - LAF finalizado até a data de sua publicação, se assegurados aos respectivos proprietários o contraditório e a ampla defesa.;PORTARIA N°-22;https://bit.ly/2XrZ2iP;
Desapropriação para fins de reforma agrária;RESOLUÇÃO/INCRA CONSELHO DIRETOR N° 01, DE 29 DE MARÇO DE 2012. (REVOGADA);SR faz acordo de até 100 mil ou com redução de prazo de TDA. Revogada pela IN n° 83/2015/INCRA.;RESOLUÇÃO/INCRA CONSELHO DIRETOR N° 01;http://twixar.me/KxC3;
Doação, cessão de uso e concessão de direito real de uso para implantação de infraestrtura;LEI Nº 4.504, DE 30 DE NOVEMBRO DE 1964.;"Dispõe sobre o Estatuto da Terra, e dá outras providências. Art. 18; 64, II; 73, VIII e V; 103, § 1°.";LEI Nº 4.504;https://bit.ly/2zy81F1;
Doação, cessão de uso e concessão de direito real de uso para implantação de infraestrtura;LEI N° 5.954, DE 3 DE DEZEMBRO DE 1973.;Autoriza o Instituto Nacional de Colonização e Reforma Agrária - INCRA, a doar imóveis remanescentes de Núcleos de Colonização e de Projetos de Reforma Agrária, nas condições que especifica.;LEI N° 5.954;https://bit.ly/2ICeHcf;
Doação, cessão de uso e concessão de direito real de uso para implantação de infraestrtura;LEI Nº 8.629, DE 25 DE FEVEREIRO DE 1993.;Dispõe sobre a regulamentação dos dispositivos constitucionais relativos à reforma agrária, previstos no Capítulo III, Título VII, da Constituição Federal. Art. 22-A;LEI Nº 8.629;https://bit.ly/2TaO0j1;
Doação, cessão de uso e concessão de direito real de uso para implantação de infraestrtura;LEI N° 8666, DE 21 DE JUNHO DE 1993.;"Institui normas para licitações e contratos da Administração Pública e dá outras providências.
Art.17.";LEI N° 8666;https://bit.ly/28Sw9Xt;
Doação, cessão de uso e concessão de direito real de uso para implantação de infraestrtura;LEI Nº 9.504, DE 30 DE SETEMBRO DE 1997.;Estabelece normas para as eleições. Art. 73, § 10;LEI Nº 9.504;https://bit.ly/1nZPFwp;
Doação, cessão de uso e concessão de direito real de uso para implantação de infraestrtura;LEI Nº 9.636, DE 15 DE MAIO DE 1998.;"Dispõe sobre a regularização, administração, aforamento e alienação de bens imóveis de domínio da União.
Art. 18";LEI Nº 9.636;https://bit.ly/2Ddri22;
Doação, cessão de uso e concessão de direito real de uso para implantação de infraestrtura;DECRETO-LEI Nº 271, DE 28 DE FEVEREIRO DE 1967.;Dispõe sobre loteamento urbano, responsabilidade do Loteador concessão de uso e espaço aéreo e dá outras providências. Art.7°;DECRETO-LEI Nº 271,;https://bit.ly/2BWbzSy;
Doação, cessão de uso e concessão de direito real de uso para implantação de infraestrtura;LEI Nº 13.001, DE 20 DE JUNHO DE 2014.;"Dispõe sobre a liquidação de créditos concedidos aos assentados da reforma agrária.
Artigos 21 e 22";LEI Nº 13.001;https://bit.ly/2ExszjW;
Doação, cessão de uso e concessão de direito real de uso para implantação de infraestrtura;DECRETO Nº 9.311, DE 15 DE MARÇO DE 2018.;Regulamenta a Lei nº 8.629, de 25 de fevereiro de 1993, e a Lei nº 13.001, de 20 de junho de 2014, para dispor sobre o processo de seleção, permanência e titulação das famílias beneficiárias do Programa Nacional de Reforma Agrária. Artigos 42, 43 e 48.;DECRETO Nº 9.311;https://bit.ly/2tDdPtS;
Doação, cessão de uso e concessão de direito real de uso para implantação de infraestrtura;NORMA DE EXECUÇÃO 33, DE 14 DE JULHO DE 2003.;Dispõe sobre os procedimentos administrativos para a destinação de terras públicas da União e do Incra;NORMA DE EXECUÇÃO 33;https://bit.ly/2IFB40g;
Emancipação e consolidação de projetos de assentamento;LEI Nº 8.629, DE 25 DE FEVEREIRO DE 1993.;Dispõe sobre a regulamentação dos dispositivos constitucionais relativos à reforma agrária, previstos no Capítulo III, Título VII, da Constituição Federal. Art. 17;LEI Nº 8.629;https://bit.ly/2zrQ0bg;
Emancipação e consolidação de projetos de assentamento;DECRETO Nº 9.311, DE 15 DE MARÇO DE 2018.;"Regulamenta a Lei nº 8.629, de 25 de fevereiro de 1993, e a Lei nº 13.001, de 20 de junho de 2014, para dispor sobre o processo de seleção, permanência e titulação das famílias beneficiárias do Programa Nacional de Reforma Agrária.
Artigos 46 e 47";DECRETO Nº 9.311;https://bit.ly/2tDdPtS;
Emancipação e consolidação de projetos de assentamento;INSTRUÇÃO NORMATIVA Nº 02, DE 20 DE MARÇO DE 2001. (REVOGADA);Estabelece normas gerais para a implementação do Programa Nacional de Reforma Agrária. Art. 13 Revogada pela IN nº 15/2004.;INSTRUÇÃO NORMATIVA Nº 02;https://bit.ly/2Xp4Vxs;
Faixa de fronteira;CONSTITUIÇÃO DOS ESTADOS UNIDOS DO BRASIL, DE 18 DE SETEMBRO DE 1946.;Art. 180 - Nas zonas indispensáveis à defesa do País, não se permitirá, sem prévio assentimento do Conselho de Segurança Nacional.;CONSTITUIÇÃO DOS ESTADOS UNIDOS DO BRASIL;https://bit.ly/1Teztg2;
Faixa de fronteira;CONSTITUIÇÃO DA REPÚBLICA FEDERATIVA DO BRASIL DE 1988;"Art. 37; 46; 67; 69; 88";CONSTITUIÇÃO DA REPÚBLICA FEDERATIVA DO BRASIL DE 1988;https://bit.ly/1bIJ9XW;
Faixa de fronteira;CONSTITUIÇÃO DA REPÚBLICA DOS ESTADOS UNIDOS DO BRASIL, DE 24 DE FEVEREIRO DE 1891.;Art. 64;CONSTITUIÇÃO DA REPÚBLICA DOS ESTADOS UNIDOS DO BRASIL;https://bit.ly/1LBCTma;
Faixa de fronteira;LEI N° 601, DE 18 DE SETEMBRO DE 1850.;Dispõe sobre as terras devolutas do Império.;LEI N° 601;https://bit.ly/2OAEnrD;
Faixa de fronteira;"LEI N° 2.597, DE 12 DE SETEMBRO DE 1955.
(REVOGADA)";"Dispõe sobre zonas indispensáveis à defesa do país e dá outras providências.
Revogada pela Lei nº 6.634, de 1979.";LEI N° 2.597;https://bit.ly/2IDGRUi;
Faixa de fronteira;LEI N° 4.947, DE 6 DE ABRIL DE 1966.;Fixa Normas de Direito Agrário, dispõe sobre o Sistema de Organização e Funcionamento do Instituto Brasileiro de Reforma Agrária, e dá outras Providências. Art. 5°;LEI N° 4.947;https://bit.ly/2Ez37L0;
Faixa de fronteira;"LEI N° 1414, DE 18 DE AGOSTO DE 1975.
(REVOGADA)";"Dispõe sobre o processo de ratificação das concessões e alienações de terras devolutas na Faixa de Fronteiras, e dá outras providências.
Revogada pela Lei nº 13.178, de 2015.";LEI N° 1414;https://bit.ly/2NvrPyC;
Faixa de fronteira;LEI Nº 6.327, DE 4 DE MAIO DE 1976.;Autoriza o Instituto Nacional de Colonização e Reforma Agrária - INCRA - a doar os imóveis que menciona.;LEI Nº 6.327;https://bit.ly/2NtyskW;
Faixa de fronteira;c, DE 18 DE SETEMBRO DE 1978.;Extingue a Comissão Especial da Faixa de Fronteiras (CEFF) e dá outras providências.;LEI Nº 6.559;https://bit.ly/2IFQVMp;
Faixa de fronteira;LEI Nº 6.634, DE 2 DE MAIO DE 1979.;Dispõe sobre a Faixa de Fronteira, altera o Decreto-lei nº 1.135, de 3 de dezembro de 1970, e dá outras providências.;LEI Nº 6.634;https://bit.ly/2EcvhtK;
Faixa de fronteira;LEI N° 6.925, DE 29 DE JUNHO DE 1981.;Altera dispositivos do Decreto-lei nº1.414, de 18 de agosto de 1975, e dá outras providências.;LEI N° 6.925;https://bit.ly/2tGbnm2;
Faixa de fronteira;LEI Nº 9.636, DE 15 DE MAIO DE 1998.;Dispõe sobre a regularização, administração, aforamento e alienação de bens imóveis de domínio da União, altera dispositivos dos Decretos-Leis nos 9.760, de 5 de setembro de 1946, e 2.398, de 21 de dezembro de 1987, regulamenta o § 2° do art. 49 do Ato das Disposições Constitucionais Transitórias, e dá outras providências.;LEI Nº 9.636;https://bit.ly/2Ddri22;
Faixa de fronteira;"LEI N° 9.871, DE 23 DE NOVEMBRO DE 1999.
(REVOGADA)";"Estabelece prazo para as ratificações de concessões e alienações de terras feitas pelos Estados na faixa de fronteira, e dá outras providências.
Revogada pela Lei nº 13.178, de 2015.";LEI N° 9.871;https://bit.ly/2ICXeAn;
Faixa de fronteira;LEI N° 10.164, DE 27 DE DEZEMBRO DE 2000.;Prorroga o prazo para as ratificações de concessões e alienações de terras feitas pelos Estados na faixa de fronteira e dá outras providências.;LEI N° 10.164;https://bit.ly/2H8YFnA;
Faixa de fronteira;LEI N° 10.363, DE 28 DE DEZEMBRO DE 2001.;Prorroga o prazo para as ratificações de concessões e alienações de terras feitas pelos Estados na faixa de fronteira e dá outras providências.;LEI N° 10.363;https://bit.ly/2VouWey;
Faixa de fronteira;LEI N° 10.787, DE 25 DE NOVEMBRO DE 2003.;Prorroga o prazo do art. 1o da Lei no 9.871, de 23 de novembro de 1999, alterado pelas Leis n° 10.164, de 27 de dezembro de 2000, e 10.363, de 28 de dezembro de 2001, referente a ratificação das concessões e alienações de terras feitas pelos Estados em faixa de fronteira, e dá outras providências.;LEI N° 10.787;https://bit.ly/2IFIYqs;
Faixa de fronteira;LEI Nº 13.178, DE 22 DE OUTUBRO DE 2015.;"Dispõe sobre a ratificação dos registros imobiliários decorrentes de alienações e concessões de terras públicas situadas nas faixas de fronteira; e revoga o Decreto-Lei n° 1.414, de 18 de agosto de 1975, e a Lei no 9.871, de 23 de novembro de 1999.";LEI Nº 13.178;https://bit.ly/2Vt4YXp;
Faixa de fronteira;LEI Nº 13.465, DE 11 DE JULHO DE 2017.;"Dispõe sobre a regularização fundiária rural e urbana, sobre a liquidação de créditos concedidos aos assentados da reforma agrária e sobre a regularização fundiária no âmbito da Amazônia Legal; institui mecanismos para aprimorar a eficiência dos procedimentos de alienação de imóveis da União;";LEI Nº 13.465;https://bit.ly/2xyYCKE;
Faixa de fronteira;"MEDIDA PROVISÓRIA Nº 1.797, DE 6 DE JANEIRO DE 1999.
(REVOGADA)";"Estabelece prazo para as ratificações de concessões e alienações de terras feitas pelos Estados na Faixa de Fronteira, e dá outras providências.
Revogada e reeditada pela Mpv no 1.803-1, de 1999.";MEDIDA PROVISÓRIA Nº 1.797;https://bit.ly/2T2tNML;
Faixa de fronteira;DECRETO-LEI N° 893, DE 26 DE NOVEMBRO DE 1938.;Dispõe sobre o aproveitamento agrícola da Fazenda Nacional de Santa Cruz e de outros imóveis da União;DECRETO-LEI N° 893;https://bit.ly/2IFKusE;
Faixa de fronteira;DECRETO-LEI Nº 311, DE 2 DE MARÇ;Dispõe sobre a divisão territorial do país e dá outras providências.;DECRETO-LEI Nº 311;https://bit.ly/2GNO9mp;
Faixa de fronteira;DECRETO-LEI N° 1.164, DE 18 DE MARÇO DE 1939. (REVOGADO);Dispõe sobre as concessões de terras e vias de comunicação na faixa da fronteira, bem como sobre as indústrias aí situadas. Revogado pelo Del n° 1.968, de 17/01/1940. Revogado pela Lei n° 2.597, DE 12/09/1955.;DECRETO-LEI N° 1.164;https://bit.ly/2XqYb27;
Faixa de fronteira;DECRETO-LEI Nº 1.351, DE 16 DE JUNHO DE 1939.;Cria colônias militares de fronteiras.;DECRETO-LEI Nº 1.351;https://bit.ly/2VneFX7;
Faixa de fronteira;DECRETO-LEI N° 1.968, DE 17 DE JANEIRO DE 1940. (REVOGADO);Regula as concessões das terras e vias de comunicação, bem como o estabelecimento e indústria, na faixa de fronteiras. Revogado pela LEI 2.597, DE 12/09/1955.;DECRETO-LEI N° 1.968;https://bit.ly/2tCcV0t;
Faixa de fronteira;DECRETO-LEI Nº 2.436, DE 22 DE JULHO DE 1940.;Incorpora ao patrimônio da União todo o ativo existente em território nacional da Brasil Railway Company e empresas a ela filiadas e dispõe quanto à apuração e liquidação do seu passivo.;DECRETO-LEI Nº 2.436;https://bit.ly/2U4rWnf;
Faixa de fronteira;DECRETO-LEI Nº 2.610, DE 20 DE SETEMBRO DE 1940. (REVOGADO);Interpreta disposições do Decreto-Lei nº 1968, de 17 de janeiro de 1940, e dá outras providências. DEL 5315 - 11/03/1943: PRORROGA PRAZO DEL 6430 - 17/04/1944: REVOGA ART. 10. REVOGADO PELA LEI 2597 - 12/09/1955.;DECRETO-LEI Nº 2.610;https://bit.ly/2IECw2X;
Faixa de fronteira;DECRETO-LEI N° 3.438, DE 17 DE JULHO DE 1941.;Esclarece e amplia o decreto-lei nº 2.490, de 16 de agosto de 1940.;DECRETO-LEI N° 3.438;https://bit.ly/2tC2p9v;
Faixa de fronteira;DECRETO-LEI Nº 1.942, DE 31 DE MAIO DE 1982.;Dispõe sobre terras situadas em área indispensável à segurança nacional, no Estado do Paraná, e dá outras providências.;DECRETO-LEI Nº 1.942;https://bit.ly/2H2Kel3;
Faixa de fronteira;DECRETO-LEI Nº 6.587, DE 10 DE JUNHO DE 1944.;Incorpora ao Parque Nacional do Iguaçu áreas que menciona.;DECRETO-LEI Nº 6.587;https://bit.ly/2GZTYwB;
Faixa de fronteira;DECRETO-LEI Nº 7.724, DE 10 DE JULHO de 1945.;Submete ao regime de aforamento as terras devolutas dentro da faixa de sessenta e seis quilômetros ao longo das fronteiras, e dá outras providências.;DECRETO-LEI Nº 7.724;https://bit.ly/2XsYppc;
Faixa de fronteira;DECRETO-LEI Nº 7.796, DE 30 DE JULHO DE 1945.;Dá nova redação ao art. 6º do Decreto-lei nº 2.436, de 22 de junho de 1940.;DECRETO-LEI Nº 7.796;https://bit.ly/2Vge8Gm;
Faixa de fronteira;DECRETO-LEI Nº 7.916, DE 30 DE AGOSTO DE 1945.;Dispõe sobre a distribuição das terras devolutas nos Territórios Federais e dá outras providências.;DECRETO-LEI Nº 7.916;https://bit.ly/2ExOyaq;
Faixa de fronteira;DECRETO-LEI Nº 9.549, DE 6 DE AGOSTO DE 1946.;Autoriza o Superintendente das Empresas Incorporadas ao Patrimônio Nacional a alienar bens que menciona.;DECRETO-LEI Nº 9.549;https://bit.ly/2VhKL6s;
Faixa de fronteira;DECRETO-LEI Nº 9.760, DE 5 DE SETEMBRO DE 1946.;Dispõe sobre os bens imóveis da União e dá outras providências. Art. 1° ao 133.;DECRETO-LEI Nº 9.760;https://bit.ly/2IDuhnW;
Faixa de fronteira;DECRETO-LEI Nº 1.094, DE 17 DE MARÇO DE 1970.;Dispõe sobre a Comissão Especial da Faixa de Fronteiras e dá outras providências.;DECRETO-LEI Nº 1.094;https://bit.ly/2VkUs4b;
Faixa de fronteira;DECRETO-LEI Nº 1.135, DE 3 DE DEZEMBRO DE 1970.;Dispõe sobre a organização, a competência e o funcionamento do Conselho de Segurança Nacional e dá outras providências.;DECRETO-LEI Nº 1.135;https://bit.ly/2TgeQ9k;
Faixa de fronteira;"DECRETO-LEI N° 1.164, DE 1 DE ABRIL DE 1971.
(REVOGADO)";"Declara indispensáveis à segurança e ao desenvolvimento nacionais terras devolutas situadas na faixa de cem quilômetros de largura em cada lado do eixo de rodovias na Amazônia Legal, e dá outras providências.
Revogado pelo Decreto-Lei nº 2.375, de 24.11.1987.";DECRETO-LEI N° 1.164;https://bit.ly/2U8RCPL;
Faixa de fronteira;DECRETO-LEI Nº 1.414, DE 18 DE AGOSTO DE 1975. (REVOGADO);Dispõe sobre o processo de ratificação das concessões e alienações de terras devolutas na Faixa de Fronteiras, e dá outras providências. Revogado pela Lei nº 13.178, de 2015.;DECRETO-LEI Nº 1.414;https://bit.ly/2NvrPyC;
Faixa de fronteira;DECRETO-LEI Nº 1.942, DE 31 DE MAIO DE 1982.;Dispõe sobre terras situadas em área indispensável à segurança nacional, no Estado do Paraná, e dá outras providências.;DECRETO-LEI Nº 1.942;https://bit.ly/2H2Kel3;
Faixa de fronteira;DECRETO-LEI Nº 2.375, DE 24 DE NOVEMBRO DE 1987.;Revoga o Decreto-lei nº 1.164, de 1º de abril de 1971, dispõe sobre terras públicas, e dá outras providências.;DECRETO-LEI Nº 2.375;https://bit.ly/2GKeiTf;
Faixa de fronteira;DECRETO Nº 10.105, DE 5 DE MARÇO DE 1913.;Aprova o novo regulamento de terras devolutas da União.;DECRETO Nº 10.105;https://bit.ly/2tDjXBQ;
Faixa de fronteira;DECRETO Nº 11.485, DE 10 DE FEVEREIRO DE 1915.;Suspende o regulamento de terras devolutas da União, a que se referem os decretos nº. 10.105, de 5 de março de 1913, e 10.320, de 7 de julho do mesmo ano.;DECRETO Nº 11.485;https://bit.ly/2Nw1U9Q;
Faixa de fronteira;DECRETO Nº 4.265, DE 20 DE JUNHO DE 1939.;Aprova o Regimento da Comissão Especial constituída pelo art. 19 do Decreto-Lei nº 1164, de 18 de março de 1939.;DECRETO Nº 4.265;https://bit.ly/2GLFSiX;
Faixa de fronteira;DECRETO Nº 4.438, DE 26 DE JULHO DE 1939. (REVOGADO);Aprova o Regimento do Departamento Nacional da Produção Vegetal, que com esta baixa, assinado pelo Ministro de Estado da Agricultura. Revogado pelo Decreto nº 99.999 de 11 de janeiro de 1991.;DECRETO Nº 4.438;https://bit.ly/2NtfmLS;
Faixa de fronteira;"DECRETO Nº 5.110, DE 12 DE JANEIRO DE 1940.
(REVOGADO)";"Estende as medidas constantes do Decreto-Lei n. 893, de 26 de novembro de 1938, a outros imóveis do domínio da União.
Revogado pelo Decreto sem número 25/04/1991.";DECRETO Nº 5.110;https://bit.ly/2VpkEuK;
Faixa de fronteira;DECRETO Nº 39364, DE 13 DE JUNHO DE 1956.;Regulamenta o art. 7º da Lei número 2.163, de 5 de janeiro de 1954 e dá outras providências.;DECRETO Nº 39364;https://bit.ly/2IDHBZA;
Faixa de fronteira;DECRETO N° 39.501, DE 3 DE JULHO DE 1956.;Reserva área de terras devolutas na faixa de fronteira, para a sede do Município de Dionísio Cerqueira, no Estado de Santa Catarina, e dá outras providências.;DECRETO N° 39.501;https://bit.ly/2T2sDkz;
Faixa de fronteira;DECRETO N° 39.605B, DE 16 DE JULHO DE 1956. (REVOGADO);Aprova o Regulamento da Lei n° 2.597, de 12 de setembro de 1955. Revogado pelo Decreto de 5 de setembro de 1991.;DECRETO N° 39.605B;https://bit.ly/2tAWxNI;
Faixa de fronteira;DECRETO N° 40.051, DE 1º DE OUTUBRO DE 1956.;Dá nova redação ao § 2º do art. 1º e ao art. 3º, do Decreto n° 39.364, de 13 de junho de 1956.;DECRETO N° 40.051;https://bit.ly/2XmsV4p;
Faixa de fronteira;DECRETO Nº 39.605-A, DE 16 DE JULHO DE 1956.;Classifica localidades do Território Nacional, nas categorias previstas no art. 123, da Lei nº 1.316, de 20 de janeiro de 1951.;DECRETO Nº 39.605-A;https://bit.ly/2EcDPkq;
Faixa de fronteira;"DECRETO Nº 53.700, DE 13 DE MARÇO DE1964.
(REVOGADO)";"Declara de interesse social para fins de desapropriação as áreas rurais que ladeiam os eixos rodoviários federais, os leitos das ferrovias nacionais, e as terras beneficiadas ou recuperadas por investimentos exclusivos da União em obras de irrigação, drenagem e açudagem, atualmente inexploradas ou exploradas contrariamente à função social da propriedade, e dá outras providências.
Revogado pelo Decreto nº 53883 de 13 de abril de 1964.";DECRETO Nº 53.700;https://bit.ly/2Xt0K3s;
Faixa de fronteira;DECRETO Nº 60.815, DE 6 DE JUNHO DE 1967.;Transfere ao patrimônio e à responsabilidade do Instituto Brasileiro de Reforma Agrária o acervo a que se refere o item III do art. 1º do Decreto-lei nº 224, de 28 de fevereiro de 1967.;DECRETO Nº 60.815;https://bit.ly/2EyloI5;
Faixa de fronteira;DECRETO Nº 63.104, DE 15 DE AGOSTO DE 1968.;Dispõe sobre a política do Governo Federal relativo à efetiva ocupação e povoamento orientados da Região Amazônica, notadamente quanto aos espaços vazios e zonas de fronteiras, e dá outras providências.;DECRETO Nº 63.104;https://bit.ly/2Uh2fje;
Faixa de fronteira;DECRETO Nº 71.615, DE 22 DE DEZEMBRO 1972. (REVOGADO);Regulamenta o Decreto-lei n. 1164, de 1 de abril de 1971, alterado pelo Decreto-Lei n 1243, de 30 de outubro de 1972, e fixa as normas para a implantação de projetos de colonização, concessão de terra e estabelecimento ou exploração de indústrias de interesse da Segurança Nacional, nas terras devolutas localizadas ao longo de rodovias, na Amazônia Legal. Revogado pelo Decreto s/nº, de 05.09.1991, DOU 06.09.1991.;DECRETO Nº 71.615;https://bit.ly/2ICYaET;
Faixa de fronteira;DECRETO N° 76.694, DE 28 DE NOVEMBRO DE 1975.;Dispõe sobre a execução do Decreto-lei nº 1.414, de 18 de agosto de 1975, e dá outras providências.;DECRETO N° 76.694;https://bit.ly/2H5RX1F;
Faixa de fronteira;DECRETO N° 85.064, DE 26 DE AGOSTO DE 1980.;Regulamenta a Lei nº 6.634, de 2 de maio de 1979, que dispõe sobre a Faixa de Fronteira.;DECRETO N° 85.064;https://bit.ly/2H2L5SN;
Faixa de fronteira;DECRETO N° 87.040, DE 17 DE MARÇO DE 1982.;Especifica áreas indispensáveis à segurança nacional insuscetíveis de usucapião especial, e dá outras providências.;DECRETO N° 87.040;https://bit.ly/2SsEh39;
Faixa de fronteira;DECRETO N° 96.084, DE 23 DE MAIO DE 1988.;Regulamenta o § 1° do art. 5° do Decreto-lei nº 2.375, de 24 de novembro de 1987, que autoriza a União a transferir, a título gratuito, a Estados ou Territórios, terras públicas a ela pertencentes, localizadas na Faixa de Fronteira.;DECRETO N° 96.084;https://bit.ly/2EfC45Q;
Faixa de fronteira;DECRETO N° 95.956, DE 22 DE ABRIL DE 1988.;Regulamenta o art. 5° do Decreto-lei n° 2.375, de 24 de novembro de 1987, que autoriza a União a transferir, a título gratuito, a Estados ou Territórios, terras públicas a ela pertencentes.;DECRETO N° 95.956;https://bit.ly/2EzePFi;
Faixa de fronteira;INSTRUÇÃO NORMATIVA Nº 33, DE 16 DE JUNHO DE 1999. (REVOGADA);Estabelece diretrizes para o procedimento administrativo de ratificação das alienações e concessões de terras na Faixa de Fronteira. Revogada Pela Instrução Normativa n° 42/2000.;INSTRUÇÃO NORMATIVA Nº 33;https://bit.ly/2tE5tlj;
Faixa de fronteira;INSTRUÇÃO NORMATIVA Nº 42, DE 25 DE MAIO DE 2000.;Estabelece diretrizes para o procedimento administrativo de ratificação das alienações e concessões de terras na Faixa de Fronteira de regularização fundiária.;INSTRUÇÃO NORMATIVA Nº 42;https://bit.ly/2Xotri2;
Faixa de fronteira;INSTRUÇÃO NORMATIVA Nº 63, DE 11 DE OUTUBRO DE 2010.;Dispõe sobre o procedimento administrativo de ratificação das alienações e concessões de terras devolutas feitas pelos Estados na faixa de fronteira.;INSTRUÇÃO NORMATIVA Nº 63;https://bit.ly/2IBI4eE;
Faixa de fronteira;APELAÇÃO CIVEL N° 9.621/PR/STF;Acórdão de 18 de março de 1965.;APELAÇÃO CIVEL N° 9.621;https://bit.ly/2BUTTqv;
Faixa de fronteira;RECURSO EXTRAORDINÁRIO: RE 52331 PR;"Faixa de Fronteira; Terras devolutas nelas situadas. São bens dominicais da União.";RECURSO EXTRAORDINÁRIO: RE 52331 PR;https://bit.ly/2GKuAvn;
Faixa de fronteira;RECURSO ESPECIAL N° 766391/PR /STF;Administrativo. Recurso Especial. Imóvel Situado Em Faixa de Fronteira.;RECURSO ESPECIAL N° 766391;https://bit.ly/2TlIOZu;
Faixa de fronteira;RECURSO ESPECIAL N° 784167/ PR/STJ;Processual Civil. Recurso Especial. Administrativo. Desapropriação Direta. Discussão Acerca Do Domínio Art. 34 do DL. 3.365/41. Terras de Fronteira. Paraná.;RECURSO ESPECIAL N° 784167;https://bit.ly/2Vngovz;
Faixa de fronteira;SÚMULA 477/STF;As concessões de terras devolutas situadas na faixa de fronteira, feitas pelos Estados, autorizam, apenas, o uso, permanecendo o domínio com a União, ainda que se mantenha inerte ou tolerante, em relação aos possuidores.;SÚMULA 477/STF;https://bit.ly/2XrQKYC;
Faixa de fronteira;ORDEM DE SERVIÇO INCRA N° 2, DE 10 DE MARÇO DE 1976.;Ratificação de títulos em Faixa de Fronteira.;ORDEM DE SERVIÇO INCRA N° 2;https://bit.ly/2IzKJFx;